Nombre del juego,Nivel de complejidad,Premisa del juego,Tiempo de juego (min),min jugadores,max jugadores,foto,youtube
Love letter,Bajo,Juego de deducción y riesgo donde intentas llevar una carta de amor a la princesa mientras eliminas las cartas de los rivales.,20,2,6,love_letter.png,https://www.youtube.com/results?search_query=love+letter+juego+de+mesa+como+se+juega
Penguin Breaking Ice,Bajo,Destreza física; los jugadores se turnan para golpear bloques de hielo con un martillo intentando no tirar al pingüino.,15,2,4,penguin_breaking.png,https://www.youtube.com/results?search_query=penguin+breaking+ice+como+se+juega
Ka-Blab!,Bajo,Juego de palabras a contrarreloj con un temporizador que simula una bomba; debes decir elementos de una categoría antes de que explote.,20,2,6,ka_blab.png,https://www.youtube.com/results?search_query=ka+blab+juego+como+se+juega
Carcassonne,Medio,"Estrategia de colocación de losetas donde los jugadores construyen ciudades, caminos y monasterios de la Francia medieval para sumar puntos.",35,2,5,carcassonne.png,https://www.youtube.com/results?search_query=carcassonne+juego+de+mesa+como+se+juega
doodle dice,Bajo,Juego de dados en el que se lanzan para conseguir combinaciones que coincidan con los dibujos de las cartas y así coleccionarlas.,30,2,6,doodle_dice.png,https://www.youtube.com/results?search_query=doodle+dice+juego+como+se+juega
Deep Dreams,Bajo,Los jugadores son guardianes que guían al pequeño Bruno en su cama por el mundo onírico; se conectan cartas asociando bloques de color y alineando flechas blancas para trazar un camino continuo y reparador sin despertarlo.,15,2,5,deep_dreams.png,https://www.youtube.com/results?search_query=deep+dreams+juego+de+mesa+como+se+juega
UNO show'em no mercy,Bajo,"Una versión brutalmente competitiva del UNO clásico, con penalizaciones despiadadas, cartas de +10 y eliminación directa si acumulas cartas.",25,2,6,uno_nomercy.png,https://www.youtube.com/results?search_query=uno+showem+no+mercy+como+se+juega
UNO,Bajo,"El clásico juego de cartas donde debes deshacerte de tu mano haciendo coincidir colores o números, saboteando a los demás.",20,2,10,uno.png,https://www.youtube.com/results?search_query=uno+juego+de+cartas+como+se+juega
Hive,Medio,Juego abstracto para dos jugadores (sin tablero) donde usas insectos con movimientos únicos para rodear a la reina rival; requiere mucha estrategia.,15,2,2,hive.png,https://www.youtube.com/results?search_query=hive+juego+de+mesa+como+se+juega
Virus,Bajo,Juego de cartas rápido donde compites por aislar un cuerpo sano mientras infectas y destruyes los órganos de tus oponentes.,20,2,6,virus.png,https://www.youtube.com/results?search_query=virus+juego+de+cartas+como+se+juega
Virus 2,Bajo,"Expansión que añade nuevos virus mutados, medicinas experimentales y vacunas, elevando muy ligeramente la toma de decisiones.",20,2,6,virus_2.png,https://www.youtube.com/results?search_query=virus+2+juego+expansion+como+se+juega
Unstable unicorns,Medio,Estrategia de cartas donde construyes un ejército de unicornios en tu establo mientras traicionas y destruyes los avances de tus amigos con efectos de cartas.,35,2,8,unstable_unicorns.png,https://www.youtube.com/results?search_query=unstable+unicorns+como+se+juega
Tides of madness,Medio,Juego de cartas para dos basado en los mitos de Cthulhu; debes equilibrar la puntuación de mayorías con el nivel de locura que acumulas.,20,2,2,tides_of_madness.png,https://www.youtube.com/results?search_query=tides+of+madness+juego+como+se+juega
The fox in the forest,Medio,Juego de bazas para dos personas donde las cartas tienen habilidades mágicas; ganar demasiadas bazas te convierte en el villano y pierdes puntos.,30,2,2,thefox_inthe_forest.png,https://www.youtube.com/results?search_query=the+fox+in+the+forest+como+se+juega
Fantasma blitz,Bajo,Juego de reflejos y agudeza visual donde debes ser el más rápido en atrapar el objeto correcto según las combinaciones de la carta revelada.,25,2,8,fantasma_blitz.png,https://www.youtube.com/results?search_query=fantasma+blitz+como+se+juega
Exploding kittens,Bajo,"Una ruleta rusa estratégica con gatitos; los jugadores roban cartas hasta que a alguien le sale un gato explosivo y queda eliminado, a menos que lo desactive.",15,2,5,exploding_kittens.png,https://www.youtube.com/results?search_query=exploding+kittens+como+se+juega
Código secreto,Bajo,Dos jefes de espías dan pistas de una sola palabra para que sus equipos descubran a sus agentes secretos en un tablero de palabras sin topar al asesino.,15,2,8,codigo_secreto.png,https://www.youtube.com/results?search_query=codigo+secreto+juego+de+mesa+como+se+juega
Taco Gato Cabra Queso Pizza,Bajo,"Locura de reflejos; se van diciendo las palabras en orden y si la carta coincide con lo que dices, todos deben palmear el centro. El último acumula cartas.",10,2,8,taco_gato_cabra.png,https://www.youtube.com/results?search_query=taco+gato+cabra+queso+pizza+como+se+juega
Polilla tramposa,Bajo,"Juego de cartas familiar donde el objetivo es deshacerte de tu mano... ¡incluso haciendo trampas escondiendo cartas!, cuidándote del Guardián.",20,3,5,polilla_tramposa.png,https://www.youtube.com/results?search_query=polilla+tramposa+juego+como+se+juega
La feria de las pulgas de Titirilquén,Bajo,Juego infantil de mesa (temático de 31 Minutos); los jugadores compiten en dinámicas de feria muy sencillas para conseguir objetos y puntos.,30,3,10,pulgas_titirilquen.png,https://www.youtube.com/results?search_query=feria+de+las+pulgas+titirilquen+juego
Domino,Bajo,"Clásico juego de mesa donde se colocan fichas numeradas haciendo coincidir los extremos, buscando quedarse sin fichas o bloquear al rival.",20,2,4,domino.png,https://www.youtube.com/results?search_query=domino+como+se+juega+reglas
Clues express,Bajo,Versión rápida y simplificada del juego de deducción de crímenes; se lanzan dados y se descartan sospechosos de forma ágil.,15,3,4,clue_express.png,https://www.youtube.com/results?search_query=clues+express+juego+como+se+juega
Deep Sea,Medio,"Buscadores de tesoros submarinos que comparten el mismo tanque de oxígeno; si eres muy codicioso, todos mueren. Reglas simples, pero con tensión psicológica.",30,2,6,deep_sea.png,https://www.youtube.com/results?search_query=deep+sea+adventure+juego+como+se+juega
Spot it! Classic,Bajo,"Agudeza visual; juego de cartas donde siempre hay un único símbolo idéntico entre dos cartas cualesquiera, y debes ser el primero en encontrarlo.",15,2,8,spotit_classic.png,https://www.youtube.com/results?search_query=spot+it+dobble+como+se+juega
Spot it! Gone Camping,Bajo,"Variación del Spot it! clásico con ilustraciones orientadas a campamentos, naturaleza y herramientas de supervivencia al aire libre.",15,2,8,spotit_camping.png,https://www.youtube.com/results?search_query=spot+it+gone+camping+como+se+juega
Star Realms,Medio,Juego de construcción de mazos (deckbuilding) de combate espacial; compras naves y bases para destruir la autoridad de tu oponente combinando efectos.,30,2,4,star_realms.png,https://www.youtube.com/results?search_query=star+realms+juego+como+se+juega
Happy Little Dinosaurs,Bajo,"Intentas esquivar desastres naturales, de salud o emocionales para que tu dinosaurio sobreviva mientras saboteas a los demás para que se extingan con cartas sencillas.",40,2,4,happy_little_dinosaurs.png,https://www.youtube.com/results?search_query=happy+little+dinosaurs+como+se+juega
Reyes de la Rosca,Bajo,Juego de cartas rápido y de azar mexicano donde se compite por obtener los mejores pedazos de Rosca de Reyes esquivando sacar el 'monito'.,20,2,6,reyes_dela_rosca.png,https://www.youtube.com/results?search_query=reyes+de+la+rosca+juego+como+se+juega
Four field cone,Bajo,Movimiento abstracto tradicional donde intentas bloquear o alinear piezas en un pequeño cuadrante. Reglas minimalistas.,10,2,2,four_field.png,https://www.youtube.com/results?search_query=four+field+kono+juego+abstracto
Poker,Medio,"Juego de apuestas y cartas; las reglas de las manos son sencillas, pero dominar la psicología, apuestas y faroles (bluffing) requiere práctica.",20,2,10,poker.png,https://www.youtube.com/results?search_query=poker+reglas+como+se+juega
Baraja Española,Varía,"Set de cartas tradicional multiusos. La complejidad depende enteramente del juego elegido (un Conquián o Brisca es Medio, mientras que una Escoba es Bajo).",20,2,10,baraja_espanola.png,https://www.youtube.com/results?search_query=baraja+espanola+juegos+como+se+juega
Conecta 4,Bajo,Juego de estrategia vertical en el que dejas caer fichas en una rejilla con el objetivo de alinear cuatro de tu color antes que tu rival.,10,2,2,conecta4.png,https://www.youtube.com/results?search_query=conecta+4+como+se+juega
Catan,Alto,"Gestión de recursos e intercambio; los jugadores colonizan una isla construyendo pueblos, rutas y negociando materias primas. Tiene múltiples reglas de comercio y desarrollo.",75,3,4,catan.png,https://www.youtube.com/results?search_query=catan+juego+de+mesa+como+se+juega
Survive the Island,Medio,"Los jugadores intentan evacuar a sus exploradores de una isla que se hunde, moviendo barcos y esquivando monstruos marinos activados por turnos.",45,2,5,survive_the_island.png,https://www.youtube.com/results?search_query=survive+escape+from+atlantis+como+se+juega
Rummy,Medio,Clásico juego de mesa (con fichas o cartas) donde combinas secuencias numéricas o grupos del mismo valor; requiere atención para acomodar combinaciones largas.,30,2,4,rummy.png,https://www.youtube.com/results?search_query=rummy+juego+de+mesa+como+se+juega
Ajedrez,Alto,"Juego de estrategia pura en tablero. Aprender el movimiento de las piezas es sencillo, pero la profundidad táctica y anticipación de jugadas es muy alta.",30,2,2,ajedrez.png,https://www.youtube.com/results?search_query=ajedrez+como+se+juega+para+principiantes
Turista mundial,Bajo,"Juego de tablero clásico de finanzas basado principalmente en los dados, donde compras países, construyes hoteles y cobras renta a los rivales.",50,2,6,turista.png,https://www.youtube.com/results?search_query=turista+mundial+juego+como+se+juega
Serpientes y escaleras,Bajo,Juego infantil de recorrido basado puramente en el azar de los dados; no requiere ninguna toma de decisiones.,20,2,6,serpientes_escaleras.png,https://www.youtube.com/results?search_query=serpientes+y+escaleras+como+se+juega
¡Basta!,Bajo,"Juego de agilidad mental y vocabulario; se elige una letra al azar y se completan categorías (Nombre, Flor, Fruto) antes de que alguien detenga el tiempo.",15,2,8,basta.png,https://www.youtube.com/results?search_query=basta+stop+juego+como+se+juega
Igloo mania,Bajo,"Juego de habilidad física donde los jugadores retiran bloques de hielo de un iglú usando un gancho, intentando que la estructura no colapse.",15,2,4,igloo_mania.png,https://www.youtube.com/results?search_query=igloo+mania+juego+como+se+juega
